{
	"GET": {
		"/index.html": {
			"headers": {
				"Location": "/movies"
			},
			"statusCode": 302,
			"content": ""
		},
		"/favicon.ico": {
			"headers": {
				"Content-Type": "image/png"
			}
		},
		"/movies": {
			"headers": {
				"Content-Type": "text/html; charset=UTF-8"
			}
		},
		"/create": {
			"headers": {
				"Content-Type": "text/html; charset=UTF-8"
			}
		},
		"/$": {
			"headers": {
				"Location": "/movies"
			},
			"statusCode": 302,
			"content": ""
		},
                "/goapi/getAssetTags": {
                        "headers": {
				"Content-Type": "application/json"
			},
			"content": "[]"
                },
                "/business/videoplans": {
                        "headers": {
				"Location": "/html/list.html?errorMessage=You need to be logged into your account in order to use gowdpk without interuptions."
			},
			"statusCode": 302,
			"content": ""
                },
		"/crossdomain.xml": {
			"headers": {
				"Content-Type": "text/x-cross-domain-policy"
			},
			"content": "<cross-domain-policy><allow-access-from domain=\"*\"/></cross-domain-policy>"
		},
		"/html/([^?]+html).*": {
			"contentReplace": true,
			"regexLink": "/html/$1",
			"headers": {
				"Content-Type": "text/html; charset=UTF-8"
			}
		},
    
                "/js/([^?]+js).*": {
			"contentReplace": true,
			"regexLink": "/js/$1",
			"headers": {
				"Content-Type": "text/javascript"
			}
		},
                "/js/([^?]+).*": {
			"regexLink": "/js/$1",
			"headers": {
				"Content-Type": "text/javascript"
			}
                },
		"/html/([^?]+).*": {
			"regexLink": "/html/$1",
			"headers": {
				"Content-Type": "text/html; charset=UTF-8"
			}
		}
	},
        "POST": {
                "/go/videoList": {
                        "headers": {
                                "Location": "/html/home.html"
                        },
                        "statusCode": 302,
                        "content": ""
                }
        }
}
