{
	"GET": {
		"/index.html": {
			"headers": {
				"Location": "/movies"
			},
			"statusCode": 302,
			"content": ""
		},
		"/$": {
			"headers": {
				"Location": "/movies"
			},
			"statusCode": 302,
			"content": ""
		},
		"/account/logo": {
			"headers": {
				"Location": "/html/watermark.html"
			},
			"statusCode": 302,
			"content": ""
		},
		"/dashboard/videos": {
			"headers": {
				"Location": "/movies"
			},
			"statusCode": 302,
			"content": ""
		},
		"/dashboard": {
			"headers": {
				"Location": "/html/list.html"
			},
			"statusCode": 302,
			"content": ""
		},
		"/goapi/getAssetTags": {
            "headers": {
				"Content-Type": "application/json"
			},
			"content": "[]"
        },
		"/crossdomain.xml": {
			"headers": {
				"Content-Type": "text/x-cross-domain-policy"
			},
			"content": "<cross-domain-policy><allow-access-from domain=\"*\"/></cross-domain-policy>"
		},
		"/cc.swf": {},
		"/go_full.swf": {},
		"/favicon.ico": {},
		"/char-default\\.png": {
			"headers": {
				"Content-Type": "image/png"
			},
			"content": ""
		},
		"/html/([^?]+html).*": {
			"contentReplace": true,
			"regexLink": "/html/$1",
			"headers": {
				"Content-Type": "text/html; charset=UTF-8"
			}
		},
		"/html/([^?]+).*": {
			"regexLink": "/html/$1",
			"headers": {
				"Content-Type": "text/html; charset=UTF-8"
			}
		},
		"/movies": {
			"headers": {
				"Content-Type": "text/html; charset=UTF-8"
			}
		},
		"/create": {
			"headers": {
				"Content-Type": "text/html; charset=UTF-8"
			}
		}
	}
}
