<?xml version="1.0" encoding="UTF-8"?>
<list version="1.0">
	<fvm_meta theme_code="" is_biz="0" />
	<theme id="custom" name="Comedy World" thumb="" cc_theme_id="custom" />
	<theme id="action" name="Lil' Peepz" thumb="" cc_theme_id="action" />
	<theme id="politics2" name="White Houserz" thumb="" cc_theme_id="politics2" />
	<theme id="retro" name="Cartoon Classics" thumb="ann-stand.swf" cc_theme_id="retro" />
	<theme id="anime" name="Anime" thumb="" cc_theme_id="anime" />
	<theme id="ninjaanime" name="Ninja Anime" thumb="" cc_theme_id="ninjaanime" />
	<theme id="spacecitizen" name="Space Citizens" thumb="" cc_theme_id="spacecitizen" />
	<theme id="chibi" name="Chibi Peepz" thumb="" cc_theme_id="chibi" />
	<theme id="ninja" name="Chibi Ninjas" thumb="" cc_theme_id="ninja" />
	<theme id="space" name="Space Peepz" thumb="" cc_theme_id="space" />
	<theme id="stick" name="Stick Figure" thumb="" cc_theme_id="stick" />
	<theme id="animal" name="Lil' Petz" thumb="" cc_theme_id="animal" />
	<theme id="common" name="Common" thumb="matchboy-stand.swf" cc_theme_id="common" />
	<word/>
	<whiteword />
	<excludeAssetIDs />
	<points money="0" sharing="0" />
</list>