<?xml version="1.0" encoding="UTF-8"?>
<list version="1.0">
	<fvm_meta theme_code="" is_biz="0" />
	<theme id="custom" name="Comedy World" thumb="" cc_theme_id="custom" />
	<theme id="action" name="Lil' Peepz" thumb="" cc_theme_id="action" />
      <theme id="retro" name="Cartoon Classics" thumb="ann-stand.swf" cc_theme_id="retro" />
      <theme id="anime" name="Anime" thumb="" cc_theme_id="anime" />
      <theme id="ninjaanime" name="Ninja Anime" thumb="" cc_theme_id="ninjaanime" />
      <theme id="chibi" name="Chibi Peepz" thumb="" cc_theme_id="chibi" />
	<theme id="common" name="Common" thumb="matchboy-stand.swf" cc_theme_id="common" />
	<word></word>
	<whiteword />
	<excludeAssetIDs />
	<points money="0" sharing="0" />
</list>
