<?xml version="1.0" encoding="utf-8"?>
<list version="1.0"><fvm_meta theme_code="" is_biz="0"/>
<theme id="custom" name="Comedy World" file="custom\theme.xml" hitman="N" seg1="custom\custom.zip" seg2="custom\custom2.zip" thumb="" cc_theme_id=""/>
<theme id="politics2" name="White Houserz" file="retro\theme.xml" hitman="N" seg1="politics\politics2.zip" seg2="" thumb="ann-stand.swf" cc_theme_id=""/>
<theme id="anime" name="Anime" file="monstermsh\theme.xml" hitman="N" seg1="custom\custom.zip" seg2="custom\custom2.zip" thumb="" cc_theme_id=""/>
<theme id="retro" name="Cartoon Classics" file="monstermsh\theme.xml" hitman="N" seg1="custom\custom.zip" seg2="custom\custom2.zip" thumb="" cc_theme_id=""/>
<theme id="action" name="Lil' Peepz" file="monstermsh\theme.xml" hitman="N" seg1="custom\custom.zip" seg2="custom\custom2.zip" thumb="" cc_theme_id=""/>
<theme id="animal" name="Lil' Petz" file="monstermsh\theme.xml" hitman="N" seg1="custom\custom.zip" seg2="custom\custom2.zip" thumb="" cc_theme_id=""/>
<theme id="chibi" name="Chibi Peepz" file="monstermsh\theme.xml" hitman="N" seg1="custom\custom.zip" seg2="custom\custom2.zip" thumb="" cc_theme_id=""/>
<theme id="space" name="Space Peepz" file="monstermsh\theme.xml" hitman="N" seg1="custom\custom.zip" seg2="custom\custom2.zip" thumb="" cc_theme_id=""/>
<theme id="ninja" name="Chibi Ninjas" file="monstermsh\theme.xml" hitman="N" seg1="custom\custom.zip" seg2="custom\custom2.zip" thumb="" cc_theme_id=""/>
<theme id="ninjaanime" name="Ninja Anime" file="monstermsh\theme.xml" hitman="N" seg1="custom\custom.zip" seg2="custom\custom2.zip" thumb="" cc_theme_id=""/>
<theme id="spacecitizen" name="Space Citizen" file="monstermsh\theme.xml" hitman="N" seg1="custom\custom.zip" seg2="custom\custom2.zip" thumb="" cc_theme_id=""/>
<theme id="business" name="Business Friendly" file="monstermsh\theme.xml" hitman="N" seg1="custom\custom.zip" seg2="custom\custom2.zip" thumb="" cc_theme_id=""/>
<theme id="vietnam" name="Jungle Warfare" file="monstermsh\theme.xml" hitman="N" seg1="custom\custom.zip" seg2="custom\custom2.zip" thumb="" cc_theme_id=""/>
<theme id="politic" name="Politics & Celebrity" file="monstermsh\theme.xml" hitman="N" seg1="custom\custom.zip" seg2="custom\custom2.zip" thumb="" cc_theme_id=""/>
<theme id="christmas" name="Holiday & Seasonal" file="monstermsh\theme.xml" hitman="N" seg1="custom\custom.zip" seg2="custom\custom2.zip" thumb="" cc_theme_id=""/>
<theme id="stick" name="Stick Figure" file="monstermsh\theme.xml" hitman="N" seg1="custom\custom.zip" seg2="custom\custom2.zip" thumb="" cc_theme_id=""/>
<theme id="monstermsh" name="Monsters Mayhem" file="monstermsh\theme.xml" hitman="N" seg1="custom\custom.zip" seg2="custom\custom2.zip" thumb="" cc_theme_id=""/>
<!-- this theme does not exist on our database.
<theme id="ooo" name="Excetera" file="monstermsh\theme.xml" hitman="N" seg1="custom\custom.zip" seg2="custom\custom2.zip" thumb="" cc_theme_id=""/>-->
<theme id="common" name="Common" file="common\theme.xml" hitman="N" seg1="common\common.zip" seg2="common\common2.zip" thumb="matchboy-stand.swf" cc_theme_id=""/><word>3-way,anal,anal sex,anus,ass,ass hole,asshole,bastard,beastiality,Beatoff,bg text 1,bg text 2,bitch,Blowjob,bondage,boner,boob,breast,bukkake,bull shit,bullshit,butt,butt sex,buttfuck,butthole,Cameljockey,Chink,Circlejerk,Clit,Cock,condom,coolie,Coon,coot,Cornhole,crazy sex,Cum,Cunnilingus,Cunt,Dago,damn,deep sex,deep throat,deep-throat,deepthroat,Deepthroating,Dick,dickhead,Dickwad,Dike,Dildo,dog-style,doggie-style,doggiestyle,dogging,doggy-style,doggystyle,dogstyle,Douche bag,Dyke,Eatme,erection,erotic,explicit sex,Fag,Faggot,Fellatio,fetish,fingered,fingering,Fisting,fistparty,Flesh Popsicle,Fleshflute,fleshpopsic,fleshpopsicle,fondles,footjob,Fornicate,fuc,fuck,fudgepackin,Fudgepacking,fuk,gang bang,Gangbang,gay sex,genital,genitalia,getlaid,gloryhole,Gob the Knob,gobtheknob,Golden Shower,goldenshower,Gook,great sex,gringo,Hairpie,handjob,hardcore,hardcore sex,Hardon,hentai,Homo,homo sex,homosexual sex,Honkey,hooker,horny,hot sex,hustler,incest,Inseminate,jackoff,Jerkoff,Jewboy,jiggaboo,Jizz,Kike,lesbian,lesbian sex,Lesbo,lesbo sex,Limey,manload,Manloaf,Masturbate,masturbation,milf,molest,muffdive,Muffdiver,nigga,niggaz,Nigger,nipple,nude,nudity,Nutsack,oily-bj,oral sex,Orgasm,orgie,orgy,outdoor sex,Paki,Panface,panties,pedophil,pedophile,penetrate,penis,perfectass,piss,Poontang,Porking,Porn,pubic,pussies,Pussy,Queef,Queer,Raghead,rape,Rimjob,rimming,Ruby red bag,rubyredbag,schlong,Scrotum,semen,sex,sex in,sex on,sexually,sexually explicit,sexy,shemale,shit,Sit on my face,sitonmyface,Sixty-nine,sixtynine,Slag,Slant,slut,Sodomize,Spank the monkey,spankthemonkey,Spearchucker,sperm,Spic,Spooge,squirts,stroking,suck,swallow,swallows,tabledancing,Teabagging,teen sex,testicles,threesome,threeway,tit,tits,topless,Twat,twink,uncircumcised,urination,vagina,vibrator,voyeur,wanking,Wetback,Whackoff,Whip it out,whipitout,Whiteswallow,whiteswallows,whore,wild sex,Wop,xxx,shaydiz,funnymouth,FUNNY-MOUTH,Dan the ban,Dan the Ban,Galacta Knight,Galacta ,GK,G* K*,@banbanban,banbanabn,ban ban ban,BANBANBANBAN!!!,BAN BAN BAN BAN!!!,3-way</word><whiteword>analects,analgesi,analog,analy,canal,assail,assassin,assault,assay,assembl,assent,assert,assess,asset,assiduous,assign,assimilat,assist,assize,associat,assonance,assort,assuag,assum,assur,agass,amass,bass,brass,grass,pass,vass,cass,chass,class,crass,cutlass,embarrass,embass,glass,harass,hassl,mass,morass,sassy,abreast,butter,button,buttress,rebutt,cockade,cockatoo,cockeyed,cockpit,cockroach,cocksure,cocktail,peacock,condominium,accum,acumen,circums,circumf,circumv,cucumber,cumber,encumb,docum,incumb,scum,dickson,dickerson,treatment,amoral,choral,coral,poral,demoral,doctoral,electoral,floral,moral,toral,crape,drape,grape,parapet,scrape,therapeu,trapez,sextant,sexual,sextet,altit,antit,multit,tite,titu,stity,tition,titive,titious,titor,titu,titian,title,tities,entity,titch,stitch,obje,ojbu,ubje,ubjo,ubju,twinkle,twinklin,tittle,USSRepublic,Cartoon,bandicoot,basement,titan,vioral,uranus,doody,Potassium,ditching,advertisement,Analizing,socks,Chardonay,Headbutt,kissing,raccoon,spice,czbiker,czbike,titan,gotham,monorail,lasso,assa,usertesting01@goanimate.com,support+id3071334@zendesk.com,EssextecMarketing</whiteword><excludeAssetIDs/><points money="0" sharing="0"/></list>