<?xml version="1.0" encoding="UTF-8"?>
<list version="1.0">
	<fvm_meta theme_code="" is_biz="0" enable="N" />
	<theme id="retro" name="Cartoon Classics" enable="N" />
	<theme id="monstermsh" name="Monsters Mayhem" enable="N" />
	<theme id="christmas" name="Holiday &amp; Seasonal" enable="N" />
	<theme id="politic" name="Politics &amp; Celebrity" enable="N" />
	<theme id="domo" name="Domo" enable="N" />
	<theme id="monkeytalk" name="SuperRica &amp; Rashy" enable="N" />
	<theme id="sf" name="Street Fighter" enable="N" />
	<theme id="startrek" name="Star Trek Quogs" enable="N" />
	<theme id="willie" name="Willie Nelson" enable="N" />
	<theme id="common" name="Common" thumb="matchboy-stand.swf" cc_theme_id="common" />
	<word/>
	<whiteword enable="N" />
	<excludeAssetIDs enable="N" />
	<points money="0" sharing="0" enable="N" />
</list>